{"train/learning_rate":0.0001,"rollout/ep_rew_mean":1342.55,"_timestamp":1.748956816401637e+09,"global_step":5000192,"train/entropy_loss":4.3381214,"train/loss":66.49929,"_wandb":{"runtime":6161},"_step":63467,"_runtime":6161.583762835,"rollout/ep_len_mean":200,"train/approx_kl":0.76233464,"train/value_loss":209.1456,"train/clip_range":0.2,"train/policy_gradient_loss":-0.011202943,"train/clip_fraction":0.6852539,"train/std":0.028619451,"train/explained_variance":0.5132942,"time/fps":812}