{"global_step":5000192,"train/std":0.028595142,"_step":63467,"train/policy_gradient_loss":-0.030757183,"train/explained_variance":0.57586515,"train/clip_fraction":0.6234375,"_runtime":7845.576382471,"_wandb":{"runtime":7845},"train/learning_rate":0.0001,"train/loss":52.841812,"train/value_loss":245.76823,"rollout/ep_rew_mean":1278.6555,"train/clip_range":0.2,"train/entropy_loss":4.306097,"train/approx_kl":0.6273949,"rollout/ep_len_mean":200,"time/fps":637,"_timestamp":1.7489221146841187e+09}