{"_runtime":9.662446896,"_wandb":{"runtime":9},"eval/cum_rew":-95976.6937935936,"eval/episode_utility":3448.7571308612823,"eval/Queue_length":7,"eval/step":20000,"eval/episode_reward":-1023.8198541243762,"eval/episode_arrival":402,"_step":20099,"eval/episode_tau":1720.7984175682068,"_timestamp":1.7489648813039994e+09,"eval/episode_length":200,"eval/episode":99,"eval/episode_order":173,"eval/step_reward":-12.527278900146484,"eval/episode_queue":11,"eval/episode_lat":1775.36376953125}