{"_wandb":{"runtime":32},"eval/episode_queue":10,"eval/Queue_length":7,"eval/step_reward":6.2047929763793945,"eval/episode_length":200,"eval/episode_reward":1314.7402864009473,"eval/episode":99,"eval/cum_rew":126729.53403687979,"eval/episode_lat":788.9633178710938,"eval/step":20000,"eval/episode_tau":2846.0493869781494,"eval/episode_order":109,"eval/episode_arrival":402,"_step":20099,"_runtime":32.805216914,"_timestamp":1.7489649463369606e+09,"eval/episode_utility":3560.5823228359222}