{"time/fps":875,"train/std":0.032094453,"_step":63467,"train/value_loss":222.51411,"train/approx_kl":0.7349938,"_timestamp":1.7489324638815365e+09,"train/clip_fraction":0.6753906,"_wandb":{"runtime":5715},"global_step":5000192,"train/clip_range":0.2,"_runtime":5715.874374347,"train/loss":70.25377,"train/learning_rate":0.0001,"rollout/ep_rew_mean":1292.8783,"train/entropy_loss":4.0457616,"rollout/ep_len_mean":200,"train/policy_gradient_loss":-0.019102514,"train/explained_variance":0.6901159}