{"_wandb":{"runtime":6222},"train/policy_gradient_loss":-0.031266276,"train/clip_fraction":0.62158203,"_runtime":6222.543621483,"global_step":5000192,"rollout/ep_rew_mean":197.82521,"_step":63467,"time/fps":804,"train/std":0.038242776,"train/explained_variance":0.4470083,"rollout/ep_len_mean":200,"train/clip_range":0.2,"train/approx_kl":0.4416798,"_timestamp":1.748905497412786e+09,"train/learning_rate":0.0001,"train/loss":16.294556,"train/entropy_loss":3.7160063,"train/value_loss":64.05363}