{"train/learning_rate":0.0001,"_runtime":6372.137600162,"time/fps":785,"train/entropy_loss":3.4933052,"rollout/ep_len_mean":200,"train/clip_range":0.2,"train/approx_kl":0.5481688,"train/std":0.042613093,"train/explained_variance":0.80635417,"train/loss":66.832664,"train/value_loss":292.7637,"_step":63467,"_timestamp":1.7489058453596025e+09,"train/clip_fraction":0.64628905,"rollout/ep_rew_mean":979.6786,"train/policy_gradient_loss":-0.02977168,"global_step":5000192,"_wandb":{"runtime":6372}}