{"global_step":5000192,"rollout/ep_len_mean":200,"train/approx_kl":1.0918381,"train/policy_gradient_loss":-0.019869326,"train/loss":12.043209,"train/clip_fraction":0.67265624,"train/clip_range":0.2,"train/std":0.044800516,"_wandb":{"runtime":6811},"train/entropy_loss":3.4025528,"_step":63467,"train/explained_variance":0.6264766,"rollout/ep_rew_mean":196.48773,"train/learning_rate":0.0001,"train/value_loss":47.852127,"time/fps":734,"_timestamp":1.7489185723188355e+09,"_runtime":6811.534248306}