{"_timestamp":1.748965229719104e+09,"eval/episode_order":27,"eval/episode_reward":596.1427162238191,"eval/episode":99,"_step":20099,"eval/episode_lat":111.67192840576172,"_wandb":{"runtime":7},"eval/episode_queue":13,"eval/episode_utility":903.1151337623596,"eval/Queue_length":10,"eval/cum_rew":50625.7524920105,"eval/episode_tau":810,"eval/episode_length":200,"_runtime":7.623508603,"eval/step_reward":0,"eval/episode_arrival":375,"eval/step":20000}