{"train/std":0.037414394,"train/explained_variance":0.8276243,"train/approx_kl":1.2231557,"_timestamp":1.7489506526463826e+09,"global_step":5000192,"train/value_loss":236.42494,"time/fps":818,"train/clip_range":0.2,"_wandb":{"runtime":6117},"_runtime":6117.15617928,"train/loss":91.86285,"_step":63467,"train/clip_fraction":0.7537109,"train/entropy_loss":3.735999,"rollout/ep_len_mean":200,"rollout/ep_rew_mean":1047.0233,"train/learning_rate":0.0001,"train/policy_gradient_loss":0.040156323}