{"train/std":0.034269616,"train/entropy_loss":3.9132829,"train/learning_rate":0.0001,"train/clip_fraction":0.63564456,"train/clip_range":0.2,"_timestamp":1.7489445333663342e+09,"_wandb":{"runtime":6097},"train/value_loss":185.76088,"rollout/ep_len_mean":200,"_step":63467,"train/policy_gradient_loss":-0.047844764,"train/approx_kl":0.5326127,"rollout/ep_rew_mean":1197.5881,"train/explained_variance":0.67172575,"train/loss":72.56186,"time/fps":820,"_runtime":6097.518663858,"global_step":5000192}