{"train/approx_kl":0.5288545,"train/loss":20.444578,"train/clip_fraction":0.5517578,"train/value_loss":72.714745,"rollout/ep_len_mean":200,"rollout/ep_rew_mean":187.95549,"train/entropy_loss":3.3367739,"train/std":0.04602994,"global_step":5000192,"_timestamp":1.748892387357561e+09,"_runtime":6010.66268564,"_step":63467,"train/learning_rate":0.0001,"time/fps":832,"_wandb":{"runtime":6010},"train/explained_variance":0.7037361,"train/policy_gradient_loss":-0.036378264,"train/clip_range":0.2}