{"eval/step_reward":0,"_wandb":{"runtime":7},"eval/step":20000,"_runtime":7.40542023,"eval/episode_queue":8,"eval/episode_lat":110.8924331665039,"_timestamp":1.7489648909900925e+09,"eval/episode":99,"eval/episode_utility":901.2165207862854,"eval/episode_tau":810,"eval/episode_reward":595.701731497867,"eval/episode_arrival":380,"eval/episode_order":27,"eval/Queue_length":8,"_step":20099,"eval/cum_rew":51245.68074282382,"eval/episode_length":200}