{"_runtime":8419.809299548,"train/loss":86.73288,"train/policy_gradient_loss":-0.0126907,"_wandb":{"runtime":8419},"train/value_loss":424.47235,"rollout/ep_rew_mean":1203.4604,"train/clip_range":0.2,"_step":63467,"train/approx_kl":0.4955264,"train/std":0.027724728,"train/explained_variance":0.43449676,"train/clip_fraction":0.63613284,"train/learning_rate":0.0001,"_timestamp":1.74891426697064e+09,"train/entropy_loss":4.3351483,"rollout/ep_len_mean":200,"global_step":5000192,"time/fps":594}