{"global_step":5000192,"train/clip_range":0.2,"rollout/ep_len_mean":200,"train/clip_fraction":0.63310546,"time/fps":799,"train/value_loss":64.43096,"train/learning_rate":0.0001,"train/approx_kl":0.73801523,"train/policy_gradient_loss":-0.013703946,"_wandb":{"runtime":6259},"_step":63466,"_timestamp":1.7489117582916145e+09,"train/std":0.042548798,"train/loss":18.152039,"train/entropy_loss":3.4830725,"train/explained_variance":0.71034825,"_runtime":6258.04680877,"rollout/ep_rew_mean":196.40607}