{"eval/episode_lat":1109.5986328125,"eval/Queue_length":10,"eval/episode":99,"_timestamp":1.7489652780224626e+09,"_runtime":26.768083931,"eval/episode_queue":13,"eval/episode_length":200,"_wandb":{"runtime":26},"eval/cum_rew":132271.40900606435,"eval/episode_tau":3562.9626886844635,"eval/episode_order":144,"eval/episode_utility":4599.44558596611,"eval/episode_reward":1456.5383646094795,"eval/episode_arrival":391,"eval/step_reward":0,"_step":20099,"eval/step":20000}