{"_wandb":{"runtime":8},"eval/episode_utility":4289.247792985439,"eval/episode_arrival":402,"eval/cum_rew":52015.15890538791,"_runtime":8.662649828,"eval/episode_queue":11,"eval/episode_tau":2876.9847185873987,"eval/episode_reward":508.75359734282864,"eval/episode_length":200,"eval/episode_lat":1463.7000732421875,"eval/episode":99,"eval/step":20000,"eval/episode_order":158,"eval/step_reward":0,"eval/Queue_length":7,"_timestamp":1.748964911409424e+09,"_step":20099}