{"eval/episode_tau":724.2805823993683,"eval/cum_rew":49519.73036710117,"eval/episode_utility":836.6313646745682,"_timestamp":1.7489649002081397e+09,"eval/episode_arrival":380,"eval/episode_queue":8,"eval/episode_reward":498.92755577087405,"eval/step":20000,"eval/step_reward":0,"_step":20099,"_runtime":6.934177894,"eval/episode_length":200,"eval/episode_lat":137.67649841308594,"eval/episode":99,"eval/Queue_length":8,"_wandb":{"runtime":6},"eval/episode_order":25}