{"train/std":0.036592137,"train/entropy_loss":3.8318937,"_wandb":{"runtime":6883},"_timestamp":1.7488992727654152e+09,"train/clip_fraction":0.7103516,"_step":63466,"train/loss":26.259464,"train/value_loss":70.82834,"rollout/ep_rew_mean":213.52625,"rollout/ep_len_mean":200,"train/learning_rate":0.0001,"train/clip_range":0.2,"time/fps":727,"train/approx_kl":0.6924094,"_runtime":6883.217737258,"global_step":5000192,"train/policy_gradient_loss":-0.0040792394,"train/explained_variance":0.71310794}