{"eval/episode":99,"eval/episode_arrival":398,"eval/episode_length":200,"eval/episode_utility":4269.940656328201,"eval/episode_queue":13,"eval/step":20000,"eval/step_reward":0.8394699096679688,"eval/episode_tau":2861.1212762832643,"eval/Queue_length":9,"_timestamp":1.74896524876976e+09,"eval/episode_reward":447.71426627812093,"eval/episode_order":160,"_runtime":7.216154152,"_step":20099,"eval/episode_lat":1420.1224365234375,"_wandb":{"runtime":7},"eval/cum_rew":48088.08842341632}