{"train/entropy_loss":4.3618054,"time/fps":838,"train/loss":92.84458,"train/policy_gradient_loss":-0.0288322,"train/explained_variance":0.49754745,"_runtime":5967.361851492,"train/value_loss":243.81024,"train/approx_kl":0.46963173,"_timestamp":1.748938433570588e+09,"_step":63467,"rollout/ep_rew_mean":1308.2726,"train/clip_range":0.2,"train/std":0.027360093,"train/learning_rate":0.0001,"_wandb":{"runtime":5967},"global_step":5000192,"train/clip_fraction":0.66259766,"rollout/ep_len_mean":200}