{"train/entropy_loss":4.023672,"global_step":5000192,"train/clip_fraction":0.74716794,"rollout/ep_len_mean":200,"rollout/ep_rew_mean":1276.0406,"_timestamp":1.7488924456141596e+09,"train/learning_rate":0.0001,"train/clip_range":0.2,"train/loss":64.8303,"train/policy_gradient_loss":0.060309976,"time/fps":812,"_wandb":{"runtime":6162},"train/std":0.03393341,"train/value_loss":209.96425,"train/approx_kl":4.4197574,"train/explained_variance":0.72261477,"_step":63467,"_runtime":6162.052895805}