{"eval/cum_rew":48705.876381936825,"_wandb":{"runtime":7},"_step":20099,"eval/episode_arrival":375,"eval/episode_reward":525.0915228939057,"_timestamp":1.7489652391872137e+09,"_runtime":7.095018845,"eval/Queue_length":10,"eval/episode_lat":143.85205078125,"eval/step_reward":0,"eval/episode_order":26,"eval/episode_queue":13,"eval/episode":99,"eval/episode_tau":750.7956499671936,"eval/step":20000,"eval/episode_length":200,"eval/episode_utility":867.4708251571656}