{"eval/episode_lat":1770.6942138671875,"eval/episode_tau":1670.3992695212364,"eval/episode_utility":3411.649872839451,"eval/episode_queue":14,"eval/step":20000,"_timestamp":1.7489652198661945e+09,"_runtime":9.586241597,"eval/cum_rew":-98481.2341468882,"eval/episode_length":200,"_wandb":{"runtime":9},"eval/episode":99,"_step":20099,"eval/Queue_length":9,"eval/episode_reward":-992.8190889036184,"eval/episode_arrival":398,"eval/episode_order":172,"eval/step_reward":-10.925617218017578}