{"train/policy_gradient_loss":-0.037956163,"train/explained_variance":0.6671661,"_timestamp":1.7488994712013483e+09,"train/approx_kl":0.4840307,"train/learning_rate":0.0001,"time/fps":712,"train/clip_range":0.2,"rollout/ep_rew_mean":1171.9586,"global_step":5000192,"train/loss":76.79921,"rollout/ep_len_mean":200,"_runtime":7023.3208826,"train/entropy_loss":3.8788428,"train/value_loss":258.15033,"train/clip_fraction":0.60546875,"_step":63467,"_wandb":{"runtime":7023},"train/std":0.0352422}